{"cameraMode":{"drawMode":0,"name":"Shaded","section":"Shading Mode"},"sceneLighting":false,"audioPlay":false,"sceneViewState":{"showFog":true,"showMaterialUpdate":false,"showSkybox":true,"showFlares":true,"showImageEffects":true,"showParticleSystems":true},"in2DMode":false,"pivot":{"x":488.2599182128906,"y":292.6101379394531,"z":0.0},"rotation":{"x":0.003321973839774728,"y":-0.0023742872290313246,"z":0.000007436413397954311,"w":0.9999916553497315},"size":593.28759765625,"orthographic":false}