{"cameraMode":{"drawMode":0,"name":"Shaded","section":"Shading Mode"},"sceneLighting":true,"audioPlay":false,"sceneViewState":{"showFog":true,"showMaterialUpdate":false,"showSkybox":true,"showFlares":true,"showImageEffects":true,"showParticleSystems":true},"in2DMode":false,"pivot":{"x":-0.08496928215026856,"y":3.9008500576019289,"z":0.5773391723632813},"rotation":{"x":-0.04529142007231712,"y":-0.017703833058476449,"z":0.0008020775858312845,"w":-0.9988166093826294},"size":40.010372161865237,"orthographic":false}