{"cameraMode":{"drawMode":0,"name":"Shaded","section":"Shading Mode"},"sceneLighting":false,"audioPlay":false,"sceneViewState":{"showFog":true,"showMaterialUpdate":false,"showSkybox":true,"showFlares":true,"showImageEffects":true,"showParticleSystems":true},"in2DMode":false,"pivot":{"x":-269.3056640625,"y":61.609127044677737,"z":322.5682373046875},"rotation":{"x":-0.18967662751674653,"y":-0.005927231628447771,"z":0.0011432908941060305,"w":-0.9818280935287476},"size":40000.0,"orthographic":false}