{"cameraMode":{"drawMode":0,"name":"Shaded","section":"Shading Mode"},"sceneLighting":false,"audioPlay":false,"sceneViewState":{"showFog":true,"showMaterialUpdate":false,"showSkybox":true,"showFlares":true,"showImageEffects":true,"showParticleSystems":true},"in2DMode":false,"pivot":{"x":487.1400146484375,"y":278.677734375,"z":0.0},"rotation":{"x":0.003321973839774728,"y":-0.0023742872290313246,"z":0.000007436413397954311,"w":0.9999916553497315},"size":325.0351257324219,"orthographic":false}