{"cameraMode":{"drawMode":0,"name":"Shaded","section":"Shading Mode"},"sceneLighting":true,"audioPlay":false,"sceneViewState":{"showFog":true,"showMaterialUpdate":false,"showSkybox":true,"showFlares":true,"showImageEffects":true,"showParticleSystems":true},"in2DMode":false,"pivot":{"x":640.0498046875,"y":-112.660888671875,"z":453.0777282714844},"rotation":{"x":-0.4093957841396332,"y":-0.22859220206737519,"z":0.1067337691783905,"w":-0.8767831325531006},"size":1778.331787109375,"orthographic":false}