{"cameraMode":{"drawMode":0,"name":"Shaded","section":"Shading Mode"},"sceneLighting":false,"audioPlay":false,"sceneViewState":{"showFog":true,"showMaterialUpdate":false,"showSkybox":true,"showFlares":true,"showImageEffects":true,"showParticleSystems":true},"in2DMode":false,"pivot":{"x":190.77371215820313,"y":-12.907857894897461,"z":119.4781723022461},"rotation":{"x":-0.07524612545967102,"y":-0.022470807656645776,"z":0.001694345148280263,"w":-0.9969103336334229},"size":465.44879150390627,"orthographic":false}